order_id,name,amount
O-1000,Umbrella Co,181
O-1001,Acme  Corp,182
O-1002,Umbrella,465
O-1003,Umbrella,327
O-1004,Soylent,507
O-1005,Initech,366
O-1006,Soylent,665
O-1007,Globex Inc,125
O-1008,Umbrella,675
O-1009,Globex Inc,616
O-1010,Globex,109
O-1011,Initech LLC,290
O-1012,Acme Corp,809
O-1013,Globex Inc,327
O-1014,Globex,339
O-1015,Globex,490
O-1016,Initech,609
O-1017,Initech LLC,327
O-1018,Umbrela,572
O-1019,Globex,302
O-1020,Acme  Corp,239
O-1021,Soylent,879
O-1022,Globex Inc,208
O-1023,Umbrela,197
O-1024,Umbrela,268
O-1025,Intech,606
O-1026,Solyent,638
O-1027,Glboex,565
O-1028,Globex Inc,608
O-1029,Umbrela,277
O-1030,Glboex,445
O-1031,Globex Inc,360
O-1032,Acme  Corp,458
O-1033,Intech,364
O-1034,Umbrella,274
O-1035,Acme Crop,775
O-1036,Intech,305
O-1037,Umbrela,182
O-1038,Soylent,822
O-1039,Soylent,163
