review_id,score,region
R-1,Fair,West
R-2,Fair,West
R-3,Good,West
R-4,Fair,West
R-5,Good,East
R-6,Fair,East
R-7,Fair,West
R-8,Poor,East
R-9,Fair,East
R-10,Great,West
R-11,Great,East
R-12,Good,West
R-13,Great,West
R-14,Good,West
R-15,Great,West
R-16,Good,East
R-17,Poor,West
R-18,Good,West
R-19,Good,East
R-20,Fair,West
R-21,Fair,West
R-22,Poor,West
R-23,Fair,East
R-24,Fair,East
R-25,Fair,West
R-26,Good,East
R-27,Poor,East
R-28,Good,West
R-29,Poor,East
R-30,Fair,West
R-31,Good,West
R-32,Great,West
R-33,Poor,East
R-34,Good,East
R-35,Great,West
R-36,Great,West
R-37,Good,West
R-38,Fair,West
R-39,Good,East
R-40,Good,East
R-41,Great,West
R-42,Great,West
R-43,Great,East
R-44,Good,West
R-45,Good,West
R-46,Good,East
R-47,Good,East
R-48,Great,West
R-49,Good,East
R-50,Great,West
R-51,Fair,West
R-52,Great,West
R-53,Good,East
R-54,Good,West
R-55,Poor,East
R-56,Poor,East
R-57,Great,West
R-58,Poor,East
R-59,Great,East
R-60,Good,East
R-61,Great,East
R-62,Poor,East
R-63,Good,West
R-64,Good,West
R-65,Great,West
R-66,Fair,East
R-67,Great,East
R-68,Fair,West
R-69,Fair,East
R-70,Great,East
R-71,Good,West
R-72,Good,West
R-73,Good,West
R-74,Good,East
R-75,Good,West
R-76,Good,West
R-77,Great,West
R-78,Great,East
R-79,Great,East
R-80,Fair,West
R-81,Fair,West
R-82,Poor,West
R-83,Great,East
R-84,Good,East
R-85,Good,West
R-86,Great,West
R-87,Fair,West
R-88,Great,East
R-89,Fair,West
R-90,Good,East
R-91,Good,East
R-92,Fair,East
R-93,Great,West
R-94,Fair,West
R-95,Poor,East
R-96,Good,West
R-97,Fair,East
R-98,Good,East
R-99,Good,East
R-100,Good,West
R-101,Poor,East
R-102,Fair,East
R-103,Fair,East
R-104,Poor,East
R-105,Good,East
R-106,Good,West
R-107,Poor,West
R-108,Good,East
R-109,Fair,West
R-110,Great,West
R-111,Good,East
R-112,Good,East
R-113,Good,West
R-114,Great,West
R-115,Fair,West
R-116,Great,East
R-117,Great,West
R-118,Good,West
R-119,Good,East
R-120,Fair,East
R-121,Fair,West
R-122,Good,East
R-123,Poor,East
R-124,Great,East
R-125,Great,West
R-126,Great,East
R-127,Fair,East
R-128,Great,East
R-129,Great,West
R-130,Good,West
R-131,Fair,East
R-132,Good,East
R-133,Good,West
R-134,Great,West
R-135,Good,West
R-136,Great,East
R-137,Good,East
R-138,Good,West
R-139,Good,West
R-140,Good,West
R-141,Fair,East
R-142,Great,West
R-143,Good,East
R-144,Good,East
R-145,Great,East
R-146,Good,East
R-147,Fair,East
R-148,Fair,East
R-149,Great,West
R-150,Good,East
R-151,Good,East
R-152,Good,East
R-153,Poor,West
R-154,Great,East
R-155,Poor,East
R-156,Great,East
R-157,Good,East
R-158,Great,West
R-159,Good,East
R-160,Good,West
R-161,Good,East
R-162,Great,West
R-163,Great,East
R-164,Good,East
R-165,Good,West
R-166,Good,West
R-167,Good,East
R-168,Fair,West
R-169,Good,West
R-170,Good,East
R-171,Great,West
R-172,Fair,West
R-173,Great,East
R-174,Good,East
R-175,Fair,West
R-176,Great,West
R-177,Great,West
R-178,Poor,West
R-179,Good,West
R-180,Fair,West
R-181,Poor,East
R-182,Fair,West
R-183,Great,West
R-184,Great,West
R-185,Good,West
R-186,Poor,West
R-187,Great,West
R-188,Good,West
R-189,Good,West
R-190,Poor,West
R-191,Good,West
R-192,Good,East
R-193,Great,West
R-194,Fair,West
R-195,Fair,East
R-196,Good,West
R-197,Poor,East
R-198,Good,East
R-199,Great,East
R-200,Good,West
