order_id,region,segment,revenue,cost
ORD-1000,West,Home Office,"$1,249.26",647.2
ORD-1001,East,Corporate,$973.74,674.86
ORD-1002,West,Home Office,$726.20,432.28
ORD-1003,South,Corporate,$860.06,710.89
ORD-1004,East,Corporate,$496.61,354.33
ORD-1005,East,Consumer,"$1,009.46",518.63
ORD-1006,East,Consumer,$734.44,603.94
ORD-1007,North,Consumer,$160.08,120.73
ORD-1008,South,Corporate,"$1,261.49",545.79
ORD-1009,West,Home Office,$760.98,633.85
ORD-1010,North,Consumer,"$1,616.13",785.12
ORD-1011,South,Home Office,$879.68,621.41
ORD-1012,East,Corporate,"$1,257.15",728.51
ORD-1013,West,Consumer,$872.78,745.41
ORD-1014,North,Consumer,$151.25,73.8
ORD-1015,West,Home Office,$584.12,496.9
ORD-1016,South,Home Office,$303.59,193.12
ORD-1017,North,Corporate,$711.48,440.85
ORD-1018,West,Corporate,$620.60,453.34
ORD-1019,South,Consumer,$912.80,533.73
ORD-1020,North,Home Office,$920.21,425.19
ORD-1021,South,Corporate,$135.91,67.68
ORD-1022,North,Corporate,$399.53,274.01
ORD-1023,East,Consumer,$983.42,584.15
ORD-1024,North,Consumer,$416.52,379.71
ORD-1025,North,Consumer,"$1,630.29",885.47
ORD-1026,North,Home Office,"$1,297.04",845.71
ORD-1027,North,Consumer,$99.63,79.87
ORD-1028,East,Consumer,$547.17,245.53
ORD-1029,North,Consumer,$487.42,261.31
ORD-1030,North,Corporate,"$1,498.16",663.2
ORD-1031,West,Home Office,"$1,709.03",833.39
ORD-1032,East,Home Office,$787.07,597.9
ORD-1033,South,Corporate,$406.28,258.14
ORD-1034,North,Corporate,"$1,554.31",828.0
ORD-1035,East,Home Office,"$1,419.80",843.59
ORD-1036,North,Consumer,$325.11,273.34
ORD-1037,East,Consumer,$791.54,638.41
ORD-1038,North,Corporate,$768.17,430.27
ORD-1039,South,Consumer,"$1,001.86",717.33
ORD-1040,North,Home Office,$503.37,411.26
ORD-1041,East,Consumer,$354.13,174.51
ORD-1042,East,Consumer,$833.96,617.86
ORD-1043,North,Home Office,"$1,096.31",608.27
ORD-1044,West,Home Office,$557.40,395.55
ORD-1045,South,Corporate,"$1,869.11",843.33
ORD-1046,West,Home Office,"$1,145.98",595.4
ORD-1047,West,Consumer,$978.91,412.39
ORD-1048,West,Home Office,$961.02,841.55
ORD-1049,North,Consumer,$257.55,164.9
ORD-1050,East,Consumer,"$1,348.10",801.13
ORD-1051,South,Home Office,$723.45,498.93
ORD-1052,North,Consumer,$536.06,289.6
ORD-1053,West,Home Office,"$1,227.01",897.02
ORD-1054,West,Corporate,"$1,798.55",815.82
ORD-1055,South,Corporate,$650.08,428.6
ORD-1056,North,Consumer,$378.40,264.49
ORD-1057,North,Consumer,"$1,078.09",495.08
ORD-1058,South,Consumer,$933.06,815.59
ORD-1059,South,Corporate,"$1,147.05",540.46
ORD-1060,South,Corporate,"$1,481.10",628.51
ORD-1061,South,Consumer,"$1,113.93",714.78
ORD-1062,South,Consumer,$665.24,379.8
ORD-1063,West,Consumer,$989.72,753.54
ORD-1064,West,Consumer,"$1,201.11",722.65
ORD-1065,West,Consumer,$453.38,211.24
ORD-1066,North,Corporate,$997.68,440.64
ORD-1067,West,Home Office,$228.66,113.23
ORD-1068,North,Corporate,"$1,000.28",637.46
ORD-1069,North,Corporate,$463.64,235.35
ORD-1070,North,Corporate,"$1,196.26",504.07
ORD-1071,West,Consumer,$950.29,568.27
ORD-1072,North,Corporate,"$1,449.27",818.52
ORD-1073,East,Consumer,$971.64,492.87
ORD-1074,South,Corporate,$913.21,589.87
ORD-1075,East,Consumer,$787.81,728.08
ORD-1076,West,Consumer,"$1,079.02",794.59
ORD-1077,North,Corporate,"$1,193.88",552.32
ORD-1078,North,Consumer,$767.92,348.71
ORD-1079,North,Corporate,"$1,787.90",745.37
ORD-1080,South,Consumer,$92.01,62.93
ORD-1081,North,Consumer,$653.75,305.45
ORD-1082,East,Consumer,$993.73,485.35
ORD-1083,South,Corporate,$667.02,555.22
ORD-1084,West,Corporate,"$1,660.81",890.5
ORD-1085,West,Home Office,"$1,616.76",749.15
ORD-1086,East,Consumer,$733.57,552.61
ORD-1087,South,Consumer,$617.43,503.03
ORD-1088,South,Consumer,$243.87,118.6
ORD-1089,West,Home Office,$737.81,544.54
ORD-1090,West,Consumer,$761.99,452.04
ORD-1091,South,Home Office,$204.44,104.88
ORD-1092,North,Consumer,"$1,226.95",813.98
ORD-1093,North,Consumer,"$1,031.65",436.53
ORD-1094,West,Home Office,$622.94,351.31
ORD-1095,North,Consumer,"$1,220.16",688.47
ORD-1096,East,Consumer,$777.52,509.15
ORD-1097,East,Corporate,$532.04,412.17
ORD-1098,West,Corporate,$991.03,582.94
ORD-1099,East,Home Office,"$1,787.19",797.65
ORD-1100,South,Consumer,"$1,263.23",700.36
ORD-1101,South,Corporate,"$1,405.74",657.57
ORD-1102,East,Consumer,"$1,240.45",641.88
ORD-1103,North,Consumer,$548.38,484.99
ORD-1104,East,Consumer,$461.35,383.75
ORD-1105,East,Consumer,$425.55,217.25
ORD-1106,North,Consumer,"$1,469.97",814.33
ORD-1107,East,Corporate,"$1,183.67",870.29
ORD-1108,North,Consumer,$115.09,52.47
ORD-1109,South,Home Office,"$1,109.65",476.88
ORD-1110,South,Consumer,"$1,175.50",684.26
ORD-1111,East,Corporate,$465.30,228.49
ORD-1112,North,Consumer,"$1,091.18",478.82
ORD-1113,North,Consumer,$750.43,469.63
ORD-1114,South,Home Office,$529.25,326.17
ORD-1115,North,Home Office,$576.19,324.5
ORD-1116,West,Corporate,$131.83,104.0
ORD-1117,East,Corporate,$453.09,263.69
ORD-1118,South,Corporate,$96.41,52.96
ORD-1119,West,Corporate,$241.39,129.56
