signup_date,plan,amount
2025-01-02,Free,0
2025-01-03,Team,40
2025-01-07,Free,0
2025-01-07,Team,40
2025-01-07,Team,40
2025-01-11,Free,0
2025-01-13,Pro,12
2025-01-13,Pro,12
2025-01-13,Team,40
2025-01-15,Free,0
2025-01-20,Pro,12
2025-01-20,Free,0
2025-01-22,Team,40
2025-01-23,Team,40
2025-01-25,Pro,12
2025-01-26,Pro,12
2025-01-28,Pro,12
2025-01-29,Team,40
2025-01-30,Pro,12
2025-01-31,Pro,12
2025-01-31,Free,0
2025-02-01,Free,0
2025-02-01,Free,0
2025-02-01,Pro,12
2025-02-02,Pro,12
2025-02-03,Team,40
2025-02-03,Free,0
2025-02-04,Team,40
2025-02-05,Free,0
2025-02-05,Team,40
2025-02-06,Free,0
2025-02-06,Free,0
2025-02-08,Team,40
2025-02-09,Pro,12
2025-02-10,Free,0
2025-02-14,Team,40
2025-02-16,Free,0
2025-02-16,Team,40
2025-02-17,Team,40
2025-02-19,Free,0
2025-02-19,Team,40
2025-02-20,Team,40
2025-02-20,Team,40
2025-02-21,Free,0
2025-02-21,Free,0
2025-02-21,Free,0
2025-02-21,Team,40
2025-02-22,Pro,12
2025-02-23,Pro,12
2025-02-24,Team,40
2025-02-25,Pro,12
2025-02-26,Team,40
2025-02-26,Team,40
2025-02-27,Free,0
2025-02-28,Free,0
2025-03-01,Free,0
2025-03-02,Pro,12
2025-03-02,Free,0
2025-03-03,Team,40
2025-03-04,Free,0
2025-03-05,Pro,12
2025-03-06,Team,40
2025-03-06,Pro,12
2025-03-07,Free,0
2025-03-07,Pro,12
2025-03-08,Team,40
2025-03-08,Team,40
2025-03-09,Free,0
2025-03-09,Team,40
2025-03-10,Team,40
2025-03-10,Free,0
2025-03-11,Team,40
2025-03-11,Team,40
2025-03-15,Free,0
2025-03-15,Team,40
2025-03-16,Team,40
2025-03-18,Pro,12
2025-03-18,Team,40
2025-03-18,Free,0
2025-03-19,Team,40
2025-03-21,Pro,12
2025-03-21,Team,40
2025-03-22,Pro,12
2025-03-23,Team,40
2025-03-24,Team,40
2025-03-25,Team,40
2025-03-26,Free,0
2025-03-27,Pro,12
2025-03-27,Team,40
2025-03-28,Free,0
2025-03-31,Pro,12
2025-03-31,Free,0
2025-04-01,Pro,12
2025-04-02,Pro,12
2025-04-03,Free,0
2025-04-04,Team,40
2025-04-06,Free,0
2025-04-06,Pro,12
2025-04-07,Free,0
2025-04-07,Free,0
2025-04-10,Team,40
2025-04-12,Team,40
2025-04-15,Pro,12
2025-04-17,Free,0
2025-04-18,Team,40
2025-04-18,Free,0
2025-04-19,Free,0
2025-04-19,Team,40
2025-04-20,Free,0
2025-04-21,Free,0
2025-04-21,Team,40
2025-04-22,Free,0
2025-04-22,Free,0
2025-04-24,Pro,12
2025-04-25,Pro,12
2025-04-25,Team,40
2025-04-27,Team,40
2025-04-29,Pro,12
2025-04-29,Pro,12
2025-04-30,Free,0
2025-05-01,Free,0
2025-05-01,Team,40
2025-05-02,Free,0
2025-05-07,Team,40
2025-05-08,Pro,12
2025-05-08,Team,40
2025-05-08,Team,40
2025-05-08,Team,40
2025-05-08,Free,0
2025-05-09,Free,0
2025-05-09,Free,0
2025-05-10,Pro,12
2025-05-11,Free,0
2025-05-11,Team,40
2025-05-11,Free,0
2025-05-12,Team,40
2025-05-12,Pro,12
2025-05-12,Team,40
2025-05-17,Team,40
2025-05-17,Free,0
2025-05-17,Free,0
2025-05-18,Free,0
2025-05-21,Team,40
2025-05-21,Free,0
2025-05-21,Pro,12
2025-05-22,Free,0
2025-05-22,Pro,12
2025-05-23,Pro,12
2025-05-23,Pro,12
2025-05-23,Free,0
2025-05-24,Team,40
2025-05-24,Team,40
2025-05-25,Free,0
2025-05-26,Free,0
2025-05-26,Pro,12
2025-05-26,Team,40
2025-05-27,Pro,12
2025-05-27,Free,0
2025-05-28,Free,0
2025-05-28,Free,0
2025-05-28,Pro,12
2025-05-29,Pro,12
2025-05-29,Free,0
2025-05-30,Free,0
2025-05-31,Free,0
2025-05-31,Pro,12
2025-05-31,Pro,12
2025-05-31,Pro,12
2025-06-01,Free,0
2025-06-01,Free,0
2025-06-02,Free,0
2025-06-02,Team,40
2025-06-03,Free,0
2025-06-03,Free,0
2025-06-04,Pro,12
2025-06-05,Free,0
2025-06-07,Pro,12
2025-06-08,Free,0
2025-06-09,Free,0
2025-06-12,Pro,12
2025-06-13,Team,40
2025-06-15,Team,40
2025-06-15,Team,40
2025-06-17,Team,40
2025-06-17,Team,40
2025-06-18,Team,40
2025-06-18,Free,0
2025-06-22,Pro,12
2025-06-22,Team,40
2025-06-23,Free,0
2025-06-24,Pro,12
2025-06-24,Free,0
2025-06-25,Team,40
2025-06-29,Free,0
2025-06-30,Team,40
2025-06-30,Pro,12
2025-07-01,Free,0
2025-07-03,Free,0
2025-07-04,Free,0
2025-07-05,Pro,12
2025-07-05,Pro,12
2025-07-05,Free,0
2025-07-06,Free,0
2025-07-06,Team,40
2025-07-09,Free,0
2025-07-09,Free,0
2025-07-10,Free,0
2025-07-11,Team,40
2025-07-12,Free,0
2025-07-12,Free,0
2025-07-12,Pro,12
2025-07-13,Free,0
2025-07-14,Pro,12
2025-07-14,Team,40
2025-07-15,Pro,12
2025-07-15,Pro,12
2025-07-16,Free,0
2025-07-18,Pro,12
2025-07-18,Team,40
2025-07-19,Pro,12
2025-07-23,Free,0
2025-07-23,Free,0
2025-07-23,Pro,12
2025-07-24,Pro,12
2025-07-25,Team,40
2025-07-25,Free,0
2025-07-26,Pro,12
2025-07-26,Team,40
2025-07-27,Team,40
2025-07-28,Pro,12
2025-07-28,Pro,12
2025-07-29,Free,0
2025-07-30,Pro,12
2025-07-30,Free,0
2025-07-30,Free,0
2025-08-02,Free,0
2025-08-03,Pro,12
2025-08-05,Pro,12
2025-08-05,Team,40
2025-08-05,Pro,12
2025-08-06,Team,40
2025-08-06,Team,40
2025-08-07,Pro,12
2025-08-07,Pro,12
2025-08-08,Team,40
2025-08-08,Free,0
2025-08-08,Free,0
2025-08-09,Pro,12
2025-08-11,Free,0
2025-08-12,Pro,12
2025-08-12,Team,40
2025-08-12,Pro,12
2025-08-13,Team,40
2025-08-15,Team,40
2025-08-15,Pro,12
2025-08-15,Free,0
2025-08-16,Free,0
2025-08-17,Pro,12
2025-08-19,Free,0
2025-08-19,Pro,12
2025-08-23,Pro,12
2025-08-23,Team,40
2025-08-24,Pro,12
2025-08-24,Pro,12
2025-08-25,Free,0
2025-08-25,Pro,12
2025-08-28,Team,40
2025-08-28,Pro,12
2025-08-28,Team,40
2025-08-28,Free,0
2025-08-28,Team,40
2025-08-31,Free,0
2025-09-01,Free,0
2025-09-02,Free,0
2025-09-02,Team,40
2025-09-03,Pro,12
2025-09-04,Free,0
2025-09-05,Team,40
2025-09-06,Pro,12
2025-09-07,Team,40
2025-09-07,Team,40
2025-09-07,Team,40
2025-09-10,Free,0
2025-09-10,Free,0
2025-09-10,Pro,12
2025-09-11,Pro,12
2025-09-17,Free,0
2025-09-18,Team,40
2025-09-18,Pro,12
2025-09-19,Free,0
2025-09-19,Free,0
2025-09-19,Team,40
2025-09-21,Free,0
2025-09-21,Team,40
2025-09-22,Pro,12
2025-09-22,Free,0
2025-09-26,Pro,12
2025-09-26,Pro,12
2025-09-28,Pro,12
2025-09-29,Team,40
2025-09-30,Team,40
2025-10-01,Free,0
2025-10-03,Free,0
2025-10-03,Free,0
2025-10-04,Pro,12
2025-10-04,Free,0
2025-10-07,Free,0
2025-10-07,Team,40
2025-10-08,Free,0
2025-10-09,Pro,12
2025-10-09,Team,40
2025-10-09,Team,40
2025-10-10,Free,0
2025-10-12,Free,0
2025-10-12,Team,40
2025-10-12,Pro,12
2025-10-12,Team,40
2025-10-12,Free,0
2025-10-15,Free,0
2025-10-16,Free,0
2025-10-18,Team,40
2025-10-22,Free,0
2025-10-23,Free,0
2025-10-23,Pro,12
2025-10-24,Team,40
2025-10-25,Team,40
2025-10-25,Team,40
2025-10-26,Free,0
2025-10-27,Pro,12
2025-10-27,Pro,12
2025-10-28,Free,0
2025-10-29,Team,40
2025-10-30,Pro,12
2025-10-30,Team,40
2025-10-30,Pro,12
2025-10-31,Team,40
2025-11-02,Free,0
2025-11-02,Team,40
2025-11-04,Team,40
2025-11-05,Free,0
2025-11-05,Pro,12
2025-11-06,Free,0
2025-11-06,Team,40
2025-11-07,Team,40
2025-11-07,Pro,12
2025-11-09,Free,0
2025-11-10,Team,40
2025-11-11,Pro,12
2025-11-11,Pro,12
2025-11-12,Free,0
2025-11-12,Pro,12
2025-11-13,Team,40
2025-11-14,Free,0
2025-11-16,Team,40
2025-11-16,Free,0
2025-11-16,Team,40
2025-11-17,Free,0
2025-11-19,Free,0
2025-11-20,Free,0
2025-11-23,Pro,12
2025-11-23,Free,0
2025-11-24,Free,0
2025-11-26,Free,0
2025-11-26,Team,40
2025-11-27,Pro,12
2025-11-28,Pro,12
2025-11-28,Pro,12
2025-11-29,Pro,12
2025-11-30,Free,0
2025-11-30,Free,0
2025-12-01,Team,40
2025-12-01,Free,0
2025-12-01,Pro,12
2025-12-02,Free,0
2025-12-02,Team,40
2025-12-02,Pro,12
2025-12-02,Pro,12
2025-12-02,Free,0
2025-12-06,Free,0
2025-12-06,Team,40
2025-12-07,Free,0
2025-12-08,Free,0
2025-12-08,Pro,12
2025-12-09,Team,40
2025-12-13,Team,40
2025-12-14,Pro,12
2025-12-15,Pro,12
2025-12-16,Team,40
2025-12-17,Free,0
2025-12-18,Free,0
2025-12-19,Team,40
2025-12-19,Team,40
2025-12-19,Team,40
2025-12-25,Pro,12
2025-12-26,Pro,12
2025-12-26,Pro,12
2025-12-26,Free,0
2025-12-28,Pro,12
2025-12-29,Pro,12
2025-12-30,Free,0
