student,math,science,english
Student 1,54,93,72
Student 2,58,96,73
Student 3,79,98,89
Student 4,53,52,71
Student 5,87,94,47
Student 6,49,74,71
Student 7,49,77,80
Student 8,81,48,72
Student 9,74,86,47
Student 10,89,82,94
Student 11,55,61,57
Student 12,62,57,76
Student 13,59,71,93
Student 14,57,52,76
Student 15,68,87,45
Student 16,65,68,73
Student 17,65,55,86
Student 18,74,93,57
Student 19,73,56,93
Student 20,56,98,59
Student 21,91,49,45
Student 22,88,48,76
Student 23,48,54,65
Student 24,65,98,55
